<NotepadPlus>
    <UserLang name="Skript" ext="sk" udlVersion="2.1">
        <Settings>
            <Global caseIgnored="yes" allowFoldOfComments="no" foldCompact="no" forcePureLC="0" decimalSeparator="0" />
            <Prefix Keywords1="no" Keywords2="no" Keywords3="no" Keywords4="no" Keywords5="yes" Keywords6="no" Keywords7="no" Keywords8="no"/>
        </Settings>
        <KeywordLists>
            <Keywords name="Comments">00# 01 02 03 04</Keywords>
            <Keywords name="Numbers, prefix1">&quot;free memory&quot; &quot;total memory&quot; arg- loop-integer- loop-block- loop-item loop-index- loop-value- loop-number- loop-num- loop-player- loop-entity- / *</Keywords>
            <Keywords name="Numbers, prefix2"></Keywords>
            <Keywords name="Numbers, extras1"></Keywords>
            <Keywords name="Numbers, extras2"></Keywords>
            <Keywords name="Numbers, suffix1"></Keywords>
            <Keywords name="Numbers, suffix2"></Keywords>
            <Keywords name="Numbers, range">+ - * / ^ ,</Keywords>
            <Keywords name="Operators1">:</Keywords>
            <Keywords name="Operators2"></Keywords>
            <Keywords name="Folders in code1, open"></Keywords>
            <Keywords name="Folders in code1, middle"></Keywords>
            <Keywords name="Folders in code1, close"></Keywords>
            <Keywords name="Folders in code2, open"></Keywords>
            <Keywords name="Folders in code2, middle"></Keywords>
            <Keywords name="Folders in code2, close"></Keywords>
            <Keywords name="Folders in comment, open">start</Keywords>
            <Keywords name="Folders in comment, middle">sub</Keywords>
            <Keywords name="Folders in comment, close">end</Keywords>
            <Keywords name="Keywords1">&quot;on head rotate&quot; &quot;on head rotation&quot; &quot;on head move&quot; &quot;on head movement&quot; &quot;on repair&quot; &quot;teleport call&quot; &quot;on plot enter&quot; &quot;on plot leave&quot; &quot;on plot rate&quot; &quot;on entering&quot; event &quot;at time&quot; &quot;at&quot; &quot;on faction description change&quot; &quot;on faction name change&quot; &quot;on faction create&quot; &quot;on faction disband&quot; &quot;on citizen click&quot; &quot;on citizen right click&quot; &quot;on citzen left click&quot; &quot;on npc click&quot; &quot;on npc right click&quot; &quot;on npc left click&quot; &quot;on crop breaking&quot; &quot;on crop stomp&quot; &quot;on crop stomping&quot; &quot;on crop step&quot; &quot;on crop stepping&quot; &quot;on crop destroy&quot; &quot;on crop destroying&quot; &quot;on villager gui trade&quot; &quot;on gui trade&quot; &quot;on item break&quot; &quot;on achievement get&quot; &quot;on achievement&quot; &quot;on any move&quot; &quot;on bed leaving&quot; &quot;on player leave a bed&quot; &quot;on player leaving a bed&quot; &quot;on player leave bed&quot; &quot;on player leaving bed&quot; &quot;on leave a bed&quot; &quot;on leaving a bed&quot; &quot;on leave bed&quot; &quot;on edit&quot; &quot;on block mine&quot; &quot;on block mining&quot; &quot;on brew&quot; &quot;on bucket emptying&quot; &quot;on player emptying a bucket&quot; &quot;on player empty a bucket&quot; &quot;on player emptying bucket&quot; &quot;on player empty bucket&quot; &quot;on emptying a bucket&quot; &quot;on empty a bucket&quot; &quot;on emptying bucket&quot; &quot;on empty bucket&quot; &quot;on bucket filling&quot; &quot;on player filling a bucket&quot; &quot;on player fill a bucket&quot; &quot;on player filling bucket&quot; &quot;on player fill bucket&quot; &quot;on filling a bucket&quot; &quot;on fill a bucket&quot; &quot;on filling bucket&quot; &quot;on fill bucket&quot; &quot;on block burn&quot; &quot;on block burning&quot; &quot;on block can build check&quot; &quot;on chunk generating&quot; &quot;on chunk populating&quot; &quot;on chunk loading&quot; &quot;on chunk unloading&quot; &quot;on right-click&quot; &quot;on left-click&quot; &quot;on player eat&quot; &quot;on player drink&quot; &quot;on player consume&quot; &quot;on player eating&quot; &quot;on player consuming&quot; &quot;on player consuming&quot; &quot;on eat&quot; &quot;on drink&quot; &quot;on consume&quot; &quot;on eating&quot; &quot;on consuming&quot; &quot;on consuming&quot; &quot;on crackshot damage&quot; &quot;on weapon damage&quot; &quot;on gun damage&quot; &quot;on crackshot shoot&quot; &quot;on weapon shoot&quot; &quot;on gun shoot&quot; &quot;on player craft&quot; &quot;on player crafting&quot; &quot;on crafting&quot; &quot;on download&quot; &quot;on player drop&quot; &quot;on player dropping&quot; &quot;on droping&quot; &quot;on edit book&quot; &quot;on player edit book&quot; &quot;on enchant item&quot; &quot;on enchant prepare&quot; &quot;on experience orb spawn&quot; &quot;on xperience orb spawn&quot; &quot;on xp orb spawn&quot; &quot;on spawn of&quot; &quot;on block fade&quot; &quot;on block fading&quot; &quot;on player fish&quot; &quot;on player fishing&quot; &quot;on fishing state&quot; &quot;on fishing state of&quot; &quot;on fishing state of caught&quot; &quot;on player toggle flight&quot; &quot;on player toggle fly&quot; &quot;on player toggling flight&quot; &quot;on player toggling fly&quot; &quot;on toggle flight&quot; &quot;on toggle fly&quot; &quot;on toggling flight&quot; &quot;on toggling fly&quot; &quot;on player flight toggle&quot; &quot;on player fly toggle&quot; &quot;on player flight toggling&quot; &quot;on player fly toggling&quot; &quot;on fly toggle&quot; &quot;on flight toggling&quot; &quot;on fly toggling&quot; &quot;on block flow&quot; &quot;on block flowing&quot; &quot;on block move&quot; &quot;on block moving&quot; &quot;on block forming&quot; &quot;on block form&quot; &quot;on fuel burning&quot; &quot;on health regen&quot; &quot;on food level changing&quot; &quot;on food bar changing&quot; &quot;on food meter changing&quot; &quot;on food metre change&quot; &quot;on food metre changing&quot; &quot;on hunger level changing&quot; &quot;on hunger bar changing&quot; &quot;on hunger meter changing&quot; &quot;on hunger metre change&quot; &quot;on hunger metre changing&quot; &quot;on block ignite&quot; &quot;on block ignition&quot; &quot;on inventory open&quot; &quot;on player tool break&quot; &quot;on player tool breaking&quot; &quot;on tool break&quot; &quot;on tool breaking&quot; &quot;on player break a tool&quot; &quot;on player break the tool&quot; &quot;on player breaking a tool&quot; &quot;on player breaking the tool&quot; &quot;on item despawn&quot; &quot;on item despawning&quot; &quot;on item spawning&quot; &quot;on jump&quot; &quot;on jumping&quot; &quot;on player kick&quot; &quot;on player being kicked&quot; &quot;on leash&quot; &quot;on leaves decaying&quot; &quot;on player level change&quot; &quot;on player level&quot; &quot;on lightning&quot; &quot;on steping on&quot; &quot;on steping over&quot; &quot;on note play&quot; &quot;on player pickup&quot; &quot;on player pick up&quot; &quot;on player picking up&quot; &quot;on piston extending&quot; &quot;on piston retracting&quot; &quot;on block place&quot; &quot;on block placing&quot; &quot;on block build&quot; &quot;on block building&quot; &quot;on build&quot; &quot;on building&quot; &quot;on player portal&quot; &quot;on potion splash&quot; &quot;on prepare item craft&quot; &quot;on a pressure plate&quot; &quot;on pressure plate&quot; &quot;on a plate&quot; &quot;on plate&quot; &quot;on tripwire&quot; &quot;on quitting&quot; &quot;on disconnect&quot; &quot;on disconnecting&quot; &quot;on logout&quot; &quot;on log out&quot; &quot;on logging out&quot; &quot;on redstone current change&quot; &quot;on redstone current changing&quot; &quot;on redstone change&quot; &quot;on redstone changing&quot; &quot;on redstone current&quot; &quot;on redstone change&quot; &quot;on redstone changing&quot; &quot;on region enter&quot; &quot;on region leave&quot; &quot;on region exit&quot; &quot;on player respawn&quot; &quot;on player respawning&quot; &quot;on script enable&quot; &quot;on load&quot; &quot;on init&quot; &quot;on enable&quot; &quot;on script unload&quot; &quot;on script stop&quot; &quot;on script enable&quot; &quot;on unload&quot; &quot;on stop&quot; &quot;on disable&quot; &quot;on server list ping&quot; &quot;on list ping&quot; &quot;on ping&quot; &quot;on sheep wool regrow&quot; &quot;on projectile shoot&quot; &quot;on sign changing&quot; &quot;on sign edit&quot; &quot;on sign editing&quot; &quot;on player change a sign&quot; &quot;on player changing a sign&quot; &quot;on player change sign&quot; &quot;on player changing sign&quot; &quot;on player edit a sign&quot; &quot;on player editing a sign&quot; &quot;on player edit sign&quot; &quot;on player editing sign&quot; &quot;on change a sign&quot; &quot;on changing a sign&quot; &quot;on change sign&quot; &quot;on changing sign&quot; &quot;on edit a sign&quot; &quot;on editing a sign&quot; &quot;on edit sign&quot; &quot;on editing sign&quot; &quot;on server enable&quot; &quot;on server unload&quot; &quot;on server disable&quot; &quot;on skript enable&quot; &quot;on skript unload&quot; &quot;on skript disable&quot; &quot;on slime split&quot; &quot;on player toggle sneak&quot; &quot;on player toggling sneak&quot; &quot;on player sneak toggle&quot; &quot;on player sneak toggling&quot; &quot;on sneak toggling&quot; &quot;on named sound trigger&quot; &quot;on named sound play&quot; &quot;on sound trigger&quot; &quot;on sound play&quot; &quot;on sound&quot; &quot;on player hear sound&quot; &quot;on world spawn change&quot; &quot;on spreading&quot; &quot;on player toggle sprint&quot; &quot;on player toggling sprint&quot; &quot;on player sprint toggle&quot; &quot;on player sprint toggling&quot; &quot;on sprint toggling&quot; &quot;on statistics increment&quot; &quot;on statistics increase&quot; &quot;on tab completion for command&quot; &quot;on tab completion for&quot; &quot;on tab completion&quot; &quot;on entity tame&quot; &quot;on entity taming&quot; &quot;on player teleport&quot; &quot;on player teleporting&quot; &quot;on throwing an egg&quot; &quot;on throw an egg&quot; &quot;on player egg throw&quot; &quot;on egg throw&quot; &quot;on player's tool change&quot; &quot;on player's tool changing&quot; &quot;on player's item held change&quot; &quot;on player's item held changing&quot; &quot;on player's held item change&quot; &quot;on player's held item changing&quot; &quot;on player tool change&quot; &quot;on player tool changing&quot; &quot;on player item held change&quot; &quot;on player item held changing&quot; &quot;on player held item change&quot; &quot;on player held item changing&quot; &quot;on tool changing&quot; &quot;on item held changing&quot; &quot;on held item changing&quot; &quot;on unleash&quot; &quot;on vehicle entity collide&quot; &quot;on creating a vehicle&quot; &quot;on creation of a vehicle&quot; &quot;on creation of vehicle&quot; &quot;on vehicle button press&quot; &quot;on zombie breaking a wood door&quot; &quot;on zombie breaking wooden door&quot; &quot;on zombie breaking wood door&quot; &quot;on zombie breaking door&quot; &quot;on zombie break a wooden door&quot; &quot;on zombie break a wood door&quot; &quot;on zombie break a door&quot; &quot;on zombie break wooden door&quot; &quot;on zombie break wood door&quot; &quot;on chest add&quot; &quot;on chest remove &quot; &quot;on crop grow&quot; &quot;on crop trample&quot; &quot;on crop trampling&quot; &quot;on crop break&quot; &quot;on crop&quot; &quot;on store&quot; &quot;on vehicle steer&quot; &quot;on unstore&quot; &quot;on bed enter&quot; &quot;on entering bed&quot; &quot;on bed leave&quot; &quot;on leaving bed&quot; &quot;on block damage&quot; &quot;on break&quot; &quot;on breaking&quot; &quot;on mine&quot; &quot;on mining&quot; &quot;on mining&quot; &quot;on bucket empty&quot; &quot;on bucket fill&quot; &quot;on burn&quot; &quot;on burning&quot; &quot;on can build check&quot; &quot;on chat&quot; &quot;on chunk generate&quot; &quot;on chunk populate&quot; &quot;on chunk load&quot; &quot;on chunk unload&quot; &quot;on right click&quot; &quot;on rightclick&quot; &quot;on left click&quot; &quot;on leftclick&quot; &quot;on click&quot; &quot;on combust&quot; &quot;on combusting&quot; &quot;on command&quot; &quot;on player connect&quot; &quot;on player connecting&quot; &quot;on connect&quot; &quot;on connecting&quot; &quot;on craft&quot; &quot;on creeper power&quot; &quot;on damage&quot; &quot;on damaging&quot; &quot;on death&quot; &quot;on dispense&quot; &quot;on drop&quot; &quot;on enderman place&quot; &quot;on enderman pickup&quot; &quot;on sheep eat&quot; &quot;on xp spawn&quot; &quot;on exp spawn&quot; &quot;on xperience spawn&quot; &quot;on experience spawn&quot; &quot;on spawn of xp&quot; &quot;on spawn of exp&quot; &quot;on spawn of xperience&quot; &quot;on spawn of experience&quot; &quot;on explode&quot; &quot;on exploding&quot; &quot;on explosion&quot; &quot;on explosion prime&quot; &quot;on fade&quot; &quot;on fading&quot; &quot;on first join&quot; &quot;on first login&quot; &quot;on fish&quot; &quot;on fishing&quot; &quot;on flow&quot; &quot;on flowing&quot; &quot;on form&quot; &quot;on forming&quot; &quot;on server ping&quot; &quot;on fuel burn&quot; &quot;on gamemode change&quot; &quot;on game mode change&quot; &quot;on grow&quot; &quot;on heal&quot; &quot;on healing&quot; &quot;on food level change&quot; &quot;on food meter change&quot; &quot;on food bar change&quot; &quot;on hunger level change&quot; &quot;on hunger meter change&quot; &quot;on hunger bar change&quot; &quot;on ignite&quot; &quot;on ignition&quot; &quot;on item spawn&quot; &quot;on player login&quot; &quot;on player logging in&quot; &quot;on player join&quot; &quot;on player joining&quot; &quot;on login&quot; &quot;on logging in&quot; &quot;on join&quot; &quot;on joining&quot; &quot;on kick&quot; &quot;on being kicked&quot; &quot;on leaves decay&quot; &quot;on level&quot; &quot;on level up&quot; &quot;on lightning strike&quot; &quot;on step on&quot; &quot;on step over&quot; &quot;on stepping on&quot; &quot;on stepping over&quot; &quot;on walk on&quot; &quot;on walk over&quot; &quot;on walking on&quot; &quot;on walking over&quot; &quot;on block physics&quot; &quot;on physics&quot; &quot;on pickup&quot; &quot;on pick up&quot; &quot;on picking up&quot; &quot;on pigzap&quot; &quot;on pig zap&quot; &quot;on piston extend&quot; &quot;on piston retract&quot; &quot;on place&quot; &quot;on placing&quot; &quot;on portal&quot; &quot;on portal create&quot; &quot;on portal enter&quot; &quot;on entering portal&quot; &quot;on entering a portal&quot; &quot;on step&quot; &quot;on trip&quot; &quot;on projectile hit&quot; &quot;on quit&quot; &quot;on redstone&quot; &quot;on respawn&quot; &quot;on respawning&quot; &quot;on script load&quot; &quot;on script init&quot; &quot;on server start&quot; &quot;on server load&quot; &quot;on skript start&quot; &quot;on skript load&quot; &quot;on server stop&quot; &quot;on skript stop&quot; &quot;on shoot&quot; &quot;on sign change&quot; &quot;on ore smelt&quot; &quot;on ore smelting&quot; &quot;on smelt&quot; &quot;on smelting&quot; &quot;on smelt of ore&quot; &quot;on smelting of ore&quot; &quot;on toggling sneak&quot; &quot;on toggle sneak&quot; &quot;on sneak toggle&quot; &quot;on spawn&quot; &quot;on spawning&quot; &quot;on spawn change&quot; &quot;on spread&quot; &quot;on sprint toggle&quot; &quot;on toggling sprint&quot; &quot; on toggle sprint&quot; &quot;on tame&quot; &quot;on taming&quot; &quot;on target&quot; &quot;on entity target&quot; &quot;on entity untarget&quot; &quot;on entity un-target&quot; &quot;on untarget&quot; &quot;on un-target&quot; &quot;on teleport&quot; &quot;on teleporting&quot; &quot;on throw of egg&quot; &quot;on throw of an egg&quot; &quot;on throwing of egg&quot; &quot;on throwing of an egg&quot; &quot;on tool change&quot; &quot;on item held change&quot; &quot;on held item change&quot; &quot;on vehicle create&quot; &quot;on create vehicle&quot; &quot;on create a vehicle&quot; &quot;on creating vehicle&quot; &quot;on vehicle damage&quot; &quot;on damage vehicle&quot; &quot;on damaging vehicle&quot; &quot;on damaging a vehicle&quot; &quot;damage a vehicle&quot; &quot;on vehicle destroy&quot; &quot;on destroy vehicle&quot; &quot;on destroying vehicle&quot; &quot;on destruction of vehicle&quot; &quot;on destroy a vehicle&quot; &quot;on destroying a vehicle&quot; &quot;on destruction of a vehicle&quot; &quot;on vehicle enter&quot; &quot;on enter vehicle&quot; &quot;on entering vehicle&quot; &quot;on enter a vehicle&quot; &quot;on entering a vehicle&quot; &quot;on vehicle exit&quot; &quot;on exit vehicle&quot; &quot;on exiting vehicle&quot; &quot;on exit a vehicle&quot; &quot;on exiting a vehicle&quot; &quot;on weather change&quot; &quot;on world init&quot; &quot;on world load&quot; &quot;on world loading&quot; &quot;on world save&quot; &quot;on world saving&quot; &quot;on world unload&quot; &quot;on world unloading&quot; &quot;on zombie break door&quot; &quot;on zombie breaking a door&quot; &quot;on zombie breaking a wooden door&quot; &quot;every&quot; &quot;on any movement&quot; &quot;on block land&quot; &quot;on book edit&quot; &quot;on enchant&quot; &quot;on flight toggle&quot; &quot;on horse jump&quot; &quot;on inventory click&quot; &quot;on inventory close&quot; &quot;on sheep dye&quot; &quot;on tab completer&quot; &quot;on vehicle collide&quot; &quot;on vote&quot; &quot;on crafting click in slot&quot; &quot;on npc right click&quot; &quot;on npc left click&quot;</Keywords>
            <Keywords name="Keywords2">max maximum point pos x y z area volume nbt tag nbttag selection worldedit we &quot;world edit&quot; nodes keys skin functions triggers commands yaml &quot;displayed name&quot; &quot;fake player&quot; action bar plots owns rated bossbar deny dispenser group prefix suffix member trusted undeny &quot;active potion effect&quot; launch timespan subtitle ip-ban ban unban broadcast return &quot;unclaim land at&quot; &quot;claim land for&quot; &quot;invite&quot; &quot;from the faction&quot; &quot;disband the faction&quot; &quot;disband&quot; &quot;add ally of the faction&quot; &quot;add enemy of the faction&quot; &quot;promote&quot; &quot;effectlib display&quot; tim740 &quot;cancel event&quot; &quot;cancel the event&quot; add give increase set remove subtract reduce clear delete make execute damage heal repair wait halt drop enchant disenchant equip make exit stop spawner create explosion ignite &quot;set fire to&quot; set light extinguish kick kill create strike lightning log message send op deop open show poision cure unpoison apply remove push enable disable shear unshear un-shear shoot tame spawn teleport toggle grow generate tree ride dye &quot;branch&quot; &quot;clear server recipes&quot; &quot;draw image on map&quot; &quot;draw text on map&quot; &quot;entity home towards&quot; &quot;erase map&quot; &quot;launch fireworks&quot; register &quot;shapeless recipe&quot; &quot;shaped recipe&quot; &quot;register recipe&quot; &quot;play music&quot; trail particle &quot;visibility&quot; &quot;bind hologram&quot; &quot;change citizen&quot; &quot;skin to&quot; &quot;make citizen&quot; &quot;invulnerable&quot; &quot;vulnerable&quot; &quot;look at&quot; &quot;max health&quot; &quot;nametag visibility&quot; &quot;nametag invisibility&quot; &quot;create citizen&quot; &quot;create a citizen&quot; &quot;create hologram&quot; &quot;delete score&quot; &quot;despawn citizen&quot; &quot;equip citizen&quot; &quot;set rf max hp&quot; &quot;move citizen&quot; play protect &quot;remove citizen&quot; &quot;respawn citizen&quot; title &quot;with subtitles&quot; &quot;fade in&quot; &quot;fade out&quot; &quot;set action bar&quot; &quot;shutdown server&quot; &quot;set score&quot; &quot;set name&quot; &quot;tab header&quot; footer &quot;set tab score of&quot; show wipe sidebar tab tablist</Keywords>
            <Keywords name="Keywords3">primary &quot;list of&quot; groups vault &quot;custom nbt tag&quot; &quot;custom nbttag&quot; &quot;else if&quot; else if loop while</Keywords>
            <Keywords name="Keywords4">&quot;blast fire mode&quot; protected unprotected members owners flags flag &quot;valid command&quot; &quot;is using admin chat&quot; &quot;is using party chat&quot; group percent citizen score id &quot;isn&apos;t&quot; &quot;is allied&quot; &quot;is allied to&quot; &quot;is not allied&quot; &quot;is in truce&quot; &quot;is not truced&quot; &quot;is truce&quot; &quot;is neutral&quot; &quot;is not neutral to&quot; &quot;is neutral to&quot; &quot;is leader of&quot; &quot;is officer of&quot; &quot;is member of&quot; &quot;is recruit of&quot; &quot;effectlib display&quot; &quot;can build&quot; &quot;is ally&quot; &quot;is enemy&quot; &quot;is neutral&quot; &quot;is allowed to build&quot; &quot;are allowed to build&quot; &quot;can&apos;t build&quot; &quot;cannot build&quot; &quot;isn&apos;t allowed to build&quot; &quot;is not allowed to build&quot; &quot;aren&apos;t allowed to build&quot; &quot;are not allowed to build&quot; &quot;can hold&quot; &quot;has enough space to hold&quot; &quot;has enough space for&quot; &quot;has space for&quot; &quot;have space to hold&quot; &quot;have space for&quot; &quot;have enough space to hold&quot; &quot;has space for&quot; &quot;have enough space for&quot; &quot;can&apos;t hold&quot; &quot;cannot hold&quot; &quot;has not enough space for&quot; &quot;has not enough space to hold&quot; &quot;have not enough space to hold&quot; &quot;have not enough space for&quot; &quot;has not space for&quot; &quot;has not space to hold&quot; &quot;have not space to hold&quot; &quot;have not space for&quot; a &quot;haven&apos;t enough space for&quot; &quot;have&apos;t enough space to hold&quot; &quot;haven&apos;t enough space to hold&quot; &quot;havn&apos;t enough space for&quot; &quot;haven&apos;t space for&quot; &quot;haven&apos;t space to hold&quot; &quot;haven&apos;t space to hold&quot; &quot;haven&apos;t space for&quot; &quot;hasn&apos;t enough space for&quot; &quot;hasn&apos;t enough space to hold&quot; &quot;hasn&apos;t enough space to hold&quot; &quot;hasn&apos;t enough space for&quot; &quot;hasn&apos;t space for&quot; &quot;hasn&apos;t space to hold&quot; &quot;haasn&apos;t space to hold&quot; &quot;hasn&apos;t space for&quot; &quot;don&apos;t have enough space for&quot; &quot;don&apos;t have enough space to hold&quot; &quot;don&apos;t have enough space to hold&quot; &quot;don&apos;t have enough space for&quot; &quot;don&apos;t have space for&quot; &quot;don&apos;t have space to hold&quot; &quot;don&apos;t have space to hold&quot; &quot;don&apos;t have not space for&quot; &quot;doesn&apos;t have enough space for&quot; &quot;chance of&quot; &quot;has&quot; &quot;have&quot; &quot;contains&quot; &quot;doesn&apos;t have&quot; &quot;don&apos;t have&quot; &quot;doesn&apos;t have&quot; &quot;does not have&quot; &quot;don&apos;t contain&quot; &quot;doesn&apos;t contain&quot; &quot;does not contain&quot; &quot;do not contain&quot; &quot;damage cause&quot; exists tooltip suggest projectile parsed &quot;replace all&quot; run &quot;free memory&quot; &quot;total memory&quot; tps entities named &quot;with lore&quot; &quot;is set&quot; &quot;are set&quot; &quot;does not exist&quot; &quot;don&apos;t exist&quot; &quot;do not exist&quot; &quot;doesn&apos;t exist &quot; &quot;does not exist&quot; &quot;isn&apos;t set&quot; &quot;is not set&quot; &quot;aren&apos;t set&quot; &quot;are not set&quot; &quot;has permission&quot; &quot;doesn&apos;t have permission&quot; &quot;has the permission&quot; &quot;has the permission&quot; &quot;has permission&quot; &quot;have permission&quot; &quot;have the permissions&quot; alive dead &quot;is banned&quot; &quot;are banned&quot; &quot;isn&apos;t banned&quot; &quot;aren&apos;t banned&quot; &quot;is ip banned&quot; &quot;are ip banned&quot; &quot;isn&apos;t ip banned&quot; &quot;aren&apos;t ip banned&quot; &quot;is blocking&quot; &quot;are blocking&quot; &quot;isn&apos;t blocking&quot; &quot;aren&apos;t blocking&quot; &quot;is not blocking&quot; &quot;are not blocking&quot; &quot;is burning&quot; &quot;is on fire&quot; &quot;are burning&quot; &quot;are on fire&quot; &quot;isn&apos;t burning&quot; &quot;isn&apos;t on fire&quot; &quot;is not burning&quot; &quot;is not on fire&quot; &quot;aren&apos;t burning&quot; &quot;aren&apos;t on fire&quot; &quot;are not burning&quot; &quot;are not on fire&quot; &quot;is empty&quot; &quot;are empty&quot; &quot;isn&apos;t empty&quot; &quot;is not empty&quot; &quot;aren&apos;t empty&quot; &quot;are not empty&quot; &quot;is enchanted&quot; &quot;are enchanted&quot; &quot;isn&apos;t enchanted&quot; &quot;is not enchanted&quot; &quot;aren&apos;t enchanted&quot; &quot;are not enchanted&quot; &quot;is flying&quot; &quot;are flying&quot; &quot;isn&apos;t flying&quot; &quot;is not flying&quot; &quot;aren&apos;t flying&quot; &quot;are not flying&quot; &quot;is holding&quot; &quot;are holding&quot; &quot;isn&apos;t holding&quot; &quot;is not holding&quot; &quot;aren&apos;t holding&quot; &quot;are not holding&quot; &quot;is in&quot; &quot;are in&quot; &quot;is not in&quot; &quot;isn&apos;t in&quot; &quot;aren&apos;t in&quot; &quot;are not in&quot; &quot;is of type&quot; &quot;are of type&quot; &quot;is not of type&quot; &quot;are not of type&quot; &quot;isn&apos;t of type&quot; &quot;aren&apos;t of type&quot; &quot;is poisoned&quot; &quot;are poisoned&quot; &quot;isn&apos;t poisoned&quot; &quot;is not poisoned&quot; &quot;aren&apos;t poisoned&quot; &quot;are not poisoned&quot; &quot;is riding&quot; &quot;are riding&quot; &quot;isn&apos;t riding&quot; &quot;is not riding&quot; &quot;aren&apos;t riding&quot; &quot;are not riding&quot; &quot;is sleeping&quot; &quot;are sleeping&quot; &quot;isn&apos;t sleeping&quot; &quot;is not sleeping&quot; &quot;aren&apos;t sleeping&quot; &quot;are not sleeping&quot; &quot;is sneaking&quot; &quot;are sneaking&quot; &quot;isn&apos;t sneaking&quot; &quot;is not sneaking&quot; &quot;aren&apos;t sneaking&quot; &quot;are not sneaking&quot; &quot;is sprinting&quot; &quot;are sprinting&quot; &quot;isn&apos;t sprinting&quot; &quot;is not sprinting&quot; &quot;aren&apos;t sprinting&quot; &quot;are not sprinting&quot; &quot;is wearing&quot; &quot;are wearing&quot; &quot;isn&apos;t wearing&quot; &quot;is not wearing&quot; &quot;aren&apos;t wearing&quot; &quot;are not wearing&quot; &quot;has potion&quot; &quot;is block&quot; &quot;is divisible&quot; &quot;is prime&quot; &quot;is within cuboid&quot; &quot;side bar is set for&quot; &quot;citizen is named&quot; &quot;citizen is&quot; corner unix view distance viewer dynmap uplived relative count taxes single double triple spectate angle sql objects appear sensitive compared subtext sum system nanos millas tile column regions resident friends last online date offline ranks registered surname decimal saturation script skript icon port glow pulled radix char regen reason matched owner town nation faction plots point prefix suffix primary group primer wg region &quot;pick up delay&quot; pickup placeholder permissions statistics mod list tag visibilitity access allow due prime null get num parameter parse error moon phase &quot;max memory&quot; &quot;max uses&quot; trade value maximum maxvector shown displayed velocity normalized lore rotation global max stack within styled length event-location ip-address first index cursor click type current serialized contents invulnerability hashed restore restored regenerate holo hook freeze furnace anvil string glowing code eyes md5 hash former past old before fishing ground &quot;failed attempt&quot; &quot;enum values&quot; exploded destroyed enchants tamed uuid enchantment &quot;xp cost&quot; raw sound java file volume lua fishing state existence characters delay connect converted uppercase lowercase configuration section sin cos tan arc hyperbolic base signum sqrt square root factorial owner npc collar uncoloured complete capitalization uncapitalization caught chat recipients check book pages author percent bossbar year month minute second millisecond period &quot;minute&apos;s&quot; &quot;second&apos;s&quot; &quot;millisecond&apos;s&quot; blast bed &quot;automatic despawn&quot; &quot;auto despawn&quot; critical art gravity arms visible &quot;base plate&quot; left right arm leg &quot;x angle&quot; &quot;angle x&quot; &quot;z angle&quot; &quot;angle z&quot; armor points arabic roman age cause workbench &quot;large firework&quot; colored boolean ping quit join living metadata survival creative adventure spectator hardcore json split x-coordinate y-coordinate z-coordinate &quot;more than&quot; &quot;less than&quot; equal coloured chest row rows replace &quot;uuid of player&quot; account death &quot;max player count&quot; motd sender health force home normally radius around tick ticks second seconds minute minutes hour hours day days targeted entity altitude amount number size arg argument time times less more boot boots shoe shoes leg legging legs leggings chestplate chestplates helm helmet helms helmets slot format options usage permission variables executable by targeted trigger aliases attacked damaged &quot;power level&quot; damager biome block blocks chunk clicked color colours colour colors command on off true false &quot;fly mode&quot; function label unstealable &quot;to close&quot; &quot;compass target&quot; console server coordinate location damage data durability &quot;faction name&quot; &quot;faction description&quot; &quot;faction power&quot; &quot;faction powerboost&quot; &quot;faction motd&quot; &quot;faction title&quot; &quot;name of the faction&quot; &quot;list of all factions&quot; &quot;factions list&quot; &quot;all factions&quot; &quot;list of all alies of&quot; &quot;all faction allies list of&quot; &quot;list of all enemies of&quot; &quot;all faction enemies list of&quot; &quot;list of all truces of&quot; &quot;all faction truces of&quot; &quot;is allied&quot; &quot;is allied to&quot; &quot;is not allied&quot; &quot;is in truce&quot; &quot;is not truced&quot; &quot;is truce&quot; &quot;is neutral&quot; &quot;is not neutral to&quot; &quot;is neutral to&quot; &quot;is leader of&quot; &quot;is officer of&quot; &quot;is member of&quot; &quot;is recruit of&quot; &quot;damage value&quot; &quot;damage values&quot; &quot;data values&quot; &quot;data value&quot; difference &quot;distance between&quot; &quot;drops&quot; element &quot;ender chest&quot; &quot;enderchest&quot; facing &quot;food bar&quot; &quot;food level&quot; &quot;food meter&quot; &quot;hunger bar&quot; &quot;hunger level&quot; &quot;hunger level&quot; former paste state future to-be after afterwards ore fuel result&#x000D;&#x000A;&quot;game mode&quot; gamemode head eyehealth id inventory ip item items particle spawned &quot;last spawned&quot; &quot;lastly spawned&quot; level &quot;level progress&quot; &quot;sky light level&quot; &quot;sun light level&quot; &quot;block light level&quot; &quot;skylight level&quot; &quot;sunlight level&quot; &quot;blocklight level&quot; position money balance name &quot;display name&quot; &quot;arrow knockback&quot; &quot;arrow critical&quot;&quot;blast radius&quot; &quot;book of&quot; &quot;fake max players&quot; &quot;hotbar slot&quot; &quot;image url&quot; &quot;flight mode&quot; &quot;scaled health&quot; &quot;glowing item&quot; &quot;land boat&quot; &quot;max speed&quot; &quot;loaded chunks&quot; &quot;set motd&quot; &quot;text from&quot; &quot;uuid to player&quot; &quot;villager job&quot; &quot;where&quot; now between from integer integers number numbers passenger random &quot;remaining air&quot; floor round ceil rounded floor shooter line skull &quot;walk speed&quot; &quot;fly speed&quot; target &quot;targeted block&quot; time tool &quot;held item&quot; &quot;type of&quot; vehicle version weather world worlds yaw pitch &quot;armour points&quot; &quot;last created citizen&quot; &quot;name of citizen&quot; &quot;no nbt&quot; &quot;shiny&quot; &quot;at&quot;</Keywords>
            <Keywords name="Keywords5">@</Keywords>
            <Keywords name="Keywords6">top upper front horizontal behind direction towards forwards north northeast northwest south southeast southwest east west above over up down below under beneath backwards downwards</Keywords>
            <Keywords name="Keywords7">players loop-block loop-item loop-index loop-value loop-number loop-num loop-player loop-entity loop-integer event-button event-entity event-block event-player event-item event-world event-block player event-chunk victim attacker event-projectile &quot;event-entity&apos;s&quot; &quot;shooter&apos;s&quot; &quot;player&apos;s&quot; &quot;victim&apos;s&quot; &quot;attacker&apos;s&quot; &quot;entity&apos;s&quot; &quot;loop-attacker&apos;s&quot; &quot;loop-victim&apos;s&quot; &quot;loop-player&apos;s&quot; &quot;loop-entity&apos;s&quot; &quot;loop-player&apos;s&quot;</Keywords>
			<Keywords name="Keywords8">fire lava speed zombies resistance haste hunger levitate &quot;mining fatigue&quot; &quot;instant damage&quot; efficiency &quot;silk touch&quot; unbreaking unbreakable fortune &quot;luck of the sea&quot; lure protection &quot;fire protection&quot; &quot;feather falling&quot; &quot;blast protection&quot; &quot;projectile protection&quot; respiration &quot;aqua affinity&quot; thorns &quot;depth strider&quot; sharpness smite &quot;bane of arthropods&quot; knockback &quot;fire aspect&quot; looting power punch flame infinity angry heart hearts unextended non-splash extended splash enchanted snowball nausea blindness regeneration swiftness healing &quot;fire resistance&quot; poison &quot;instant health&quot; &quot;night vision&quot; weakness strength slowness leaping &quot;jump boost&quot; harming &quot;water breathing&quot; invisibility levitate levitation &quot;killer rabbit&quot; arrow boat egg &quot;ender crystal&quot; bat chicken cow mooshroom pig rabbit sheep squid villager &quot;cave spider&quot; cavespider enderman spider zombie pigman blaze &quot;chicken jockey&quot; creeper elderguardian &quot;elder guardian&quot; endermite ghast guardian &quot;magma cube&quot; silverfish skeleton slime &quot;spider jockey&quot; &quot;wither skeleton&quot; &quot;zombie villager&quot; donkey horse mule &quot;skeleton horse&quot; &quot;undead horse&quot; ocelot wolf witch witchs dropped squids &quot;iron golem&quot; &quot;snow golem&quot; enderdragon &quot;enderdragon&quot; wither shulker giant &quot;shulker bullet&quot; fireball potion &quot;splash potion&quot; minecart &quot;living entity&quot; painting &quot;armor stand&quot; &quot;armour stand&quot; creature tnt &quot;primed tnt&quot; experience projectile &quot;ender pearl&quot; zombie &quot;killer rabbits&quot; arrows boats eggs &quot;ender crystalsquot; bats chickens cows mooshrooms pigs rabbits sheeps squids villagers &quot;cave spiders&quot; cavespiders endermans spiders zombies pigmans blazes &quot;chicken jockeys&quot; creepers elderguardians &quot;elder guardians&quot; endermites ghasts guardians &quot;magma cubes&quot; silverfishs skeletons slimes &quot;spider jockeys&quot; &quot;wither skeletons&quot; zombies &quot;zombie villagers&quot; donkeys horses mules &quot;skeleton horses&quot; &quot;undead horses&quot; ocelots wolfs &quot;iron golems&quot; &quot;snow golems&quot; enderdragons &quot;enderdragons&quot; withers shulkers giants &quot;shulker bullets&quot; fireballs Black &quot;Dark Blue&quot; &quot;Dark Green&quot; &quot;Dark Aqua&quot; &quot;Dark Red&quot; &quot;Dark Purple&quot; Gold Gray &quot;Dark Gray&quot; Blue Green Aqua Red &quot;Light Purple&quot; Yellow White</Keywords>
			<Keywords name="Delimiters">00&quot; 01 02(( &quot; EOL )) 03% 04 05(( % EOL )) 06{@ 07 08(( } EOL )) 09{_ 10 11(( } EOL )) 12{ 13 14(( } EOL )) 15(( ( )) 16 17(( ))) 18#? 19 20((EOL ?#)) 21! 22 23((EOL !))</Keywords>
		</KeywordLists>
        <Styles>
            <WordsStyle name="DEFAULT" fgColor="FFFFFF" bgColor="293134" fontName="" fontStyle="0" nesting="0"/>
            <WordsStyle name="COMMENTS" fgColor="FF0000" bgColor="293134" fontName="" fontStyle="0" nesting="131072"/>
            <WordsStyle name="LINE COMMENTS" fgColor="969696" bgColor="293134" fontName="" fontStyle="0" nesting="16576"/>
            <WordsStyle name="NUMBERS" fgColor="3AE86A" bgColor="293134" fontName="" fontStyle="0" nesting="0"/>
            <WordsStyle name="KEYWORDS1" fgColor="0080FF" bgColor="293134" fontName="" fontStyle="5" nesting="0"/>
            <WordsStyle name="KEYWORDS2" fgColor="DB2D4A" bgColor="293134" fontName="" fontStyle="3" nesting="0"/>
            <WordsStyle name="KEYWORDS3" fgColor="5151FF" bgColor="293134" fontName="" fontStyle="7" nesting="0"/>
            <WordsStyle name="KEYWORDS4" fgColor="8080FF" bgColor="293134" fontName="" fontStyle="0" nesting="0"/>
            <WordsStyle name="KEYWORDS5" fgColor="FF00FF" bgColor="293134" fontName="" fontStyle="7" nesting="0"/>
            <WordsStyle name="KEYWORDS6" fgColor="FF0080" bgColor="293134" fontName="" fontStyle="4" nesting="0"/>
            <WordsStyle name="KEYWORDS7" fgColor="0A888A" bgColor="293134" fontName="" fontStyle="0" nesting="0"/>
			<WordsStyle name="KEYWORDS8" fgColor="E080D5" bgColor="293134" fontName="" fontStyle="0" nesting="0"/>
            <WordsStyle name="OPERATORS" fgColor="FFFFFF" bgColor="293134" fontName="" fontStyle="0" nesting="0"/>
            <WordsStyle name="FOLDER IN CODE1" fgColor="FFFFFF" bgColor="293134" fontName="" fontStyle="0" nesting="0"/>
            <WordsStyle name="FOLDER IN CODE2" fgColor="FFFFFF" bgColor="293134" fontName="" fontStyle="0" nesting="0"/>
            <WordsStyle name="FOLDER IN COMMENT" fgColor="4DEB4D" bgColor="293134" fontName="" fontStyle="1" nesting="0"/>
            <WordsStyle name="DELIMITERS1" fgColor="F2FF5E" bgColor="293134" fontName="" fontStyle="0" nesting="6"/>	
            <WordsStyle name="DELIMITERS2" fgColor="98EFF9" bgColor="293134" fontName="" fontStyle="1" nesting="30"/>
            <WordsStyle name="DELIMITERS3" fgColor="F75C68" bgColor="293134" fontName="" fontStyle="3" nesting="30"/>
            <WordsStyle name="DELIMITERS4" fgColor="969696" bgColor="293134" fontName="" fontStyle="3" nesting="30"/>
            <WordsStyle name="DELIMITERS5" fgColor="5A7D9A" bgColor="293134" fontName="" fontStyle="3" nesting="30"/>
			<WordsStyle name="DELIMITERS6" fgColor="969696" bgColor="293134" fontName="" fontStyle="3" nesting="30"/>
            <WordsStyle name="DELIMITERS7" fgColor="969696" bgColor="293134" fontName="" fontStyle="0" nesting="67239071"/>
            <WordsStyle name="DELIMITERS8" fgColor="FF0000" bgColor="293134" fontName="" fontStyle="3" nesting="131136"/>
        </Styles>
    </UserLang>
</NotepadPlus>